{
  "IcoMoonType": "selection",
  "icons": [
    {
      "icon": {
        "paths": [
          "M1024 576v-64h-193.28c-5.856-72.672-31.776-139.040-71.68-192.256h161.952l70.048-280.256-62.080-15.52-57.952 231.744h-174.688c-0.896-0.704-1.792-1.376-2.688-2.048 6.72-19.488 10.368-40.416 10.368-62.208 0-105.76-85.952-191.488-192-191.488s-192 85.728-192 191.488c0 21.76 3.648 42.688 10.368 62.208-0.896 0.672-1.792 1.376-2.688 2.048h-174.688l-57.952-231.744-62.080 15.52 70.048 280.256h161.952c-39.872 53.216-65.792 119.552-71.68 192.256h-193.28v64h193.376c3.808 45.664 15.52 88.8 33.632 127.744h-124l-70.048 280.224 62.080 15.52 57.952-231.776h112.352c58.688 78.048 147.392 127.744 246.656 127.744s187.968-49.728 246.656-127.744h112.352l57.952 231.776 62.080-15.52-70.048-280.224h-124c18.144-38.944 29.824-82.080 33.632-127.744h193.376z"
        ],
        "attrs": [
          {}
        ],
        "isMulticolor": false,
        "isMulticolor2": false,
        "grid": 0,
        "tags": [
          "bug"
        ]
      },
      "attrs": [
        {}
      ],
      "properties": {
        "order": 2,
        "id": 0,
        "name": "bug",
        "prevSize": 32,
        "code": 59648
      },
      "setIdx": 0,
      "setId": 2,
      "iconIdx": 0
    },
    {
      "icon": {
        "paths": [
          "M1024 608l-192-192v-288h-128v160l-192-192-512 512v32h128v320h320v-192h128v192h320v-320h128z"
        ],
        "tags": [
          "home",
          "house"
        ],
        "defaultCode": 59650,
        "grid": 16,
        "attrs": []
      },
      "attrs": [],
      "properties": {
        "ligatures": "home3, house3",
        "name": "home3",
        "order": 3,
        "id": 3,
        "prevSize": 32,
        "code": 59650
      },
      "setIdx": 1,
      "setId": 1,
      "iconIdx": 4
    }
  ],
  "height": 1024,
  "metadata": {
    "name": "icomoon"
  },
  "preferences": {
    "showGlyphs": true,
    "showQuickUse": true,
    "showQuickUse2": true,
    "showSVGs": true,
    "fontPref": {
      "prefix": "icon-",
      "metadata": {
        "fontFamily": "icomoon",
        "majorVersion": 1,
        "minorVersion": 0
      },
      "metrics": {
        "emSize": 1024,
        "baseline": 6.25,
        "whitespace": 50
      },
      "embed": false
    },
    "imagePref": {
      "prefix": "icon-",
      "png": true,
      "useClassSelector": true,
      "color": 0,
      "bgColor": 16777215,
      "classSelector": ".icon",
      "height": 32,
      "columns": 16,
      "margin": 16
    },
    "historySize": 50,
    "showCodes": true,
    "gridSize": 16
  }
}